id;first_name;last_name;address;email;contact
1;Mathew;King;Manager Fish;Dave17@gmail.com;world-class program alarm
2;Elouise;Mante;Sleek turn-key;Demarcus_Flatley@gmail.com;target Human withdrawal
3;Percival;Heidenreich;payment Libyan Dinar;Cleta.Fay28@hotmail.com;Shoes deposit
4;Charlie;Ziemann;Villages uniform PCI;Adrienne.Wilderman42@hotmail.com;Planner Strategist
5;Royce;Blanda;functionalities;Rowland48@gmail.com;mesh
6;Gloria;Weber;UIC-Franc Arkansas Intelligent;Marcus.Zboncak@yahoo.com;Bedfordshire
7;Serenity;Hammes;calculating Metal array;Eldora.Grimes81@yahoo.com;HDD
8;Tate;Bode;Beauty Auto Loan Account;Mabel.Bernier79@gmail.com;Human
9;Eugenia;Barrows;California interfaces;Alfred.Hansen@hotmail.com;Specialist generating
10;Sabina;Bartell;Small Fresh Gloves;Kaitlyn52@yahoo.com;compress lavender Investment Account
