id;org_name;org_type;org_address;org_email;date
1;backing up;Iran;Philippine Peso Metal;Strategist;2019-12-09T17:42:35
2;alliance redundant global;bypass Ameliorated;Brand;infomediaries Som Rustic Frozen Keyboard;2019-12-09T19:29:05
3;Optimized;microchip;Response invoice;alarm Jamaica;2019-12-09T15:25:11
4;paradigms Organic strategic;Steel leading-edge Small;Incredible Fresh Chips;Shoes Music connect;2019-12-09T10:44:07
5;e-business Light;integrate Personal Loan Account;HTTP explicit;Personal Loan Account;2019-12-09T18:01:33
6;EXE payment;Checking Account;invoice Outdoors New York;multi-byte Jamaican Dollar North Carolina;2019-12-10T03:01:01
7;haptic parsing;revolutionize Branding;teal analyzing yellow;Books Generic;2019-12-09T13:42:32
8;Handcrafted Plastic Shirt quantifying;wireless;hybrid;Solomon Islands Dollar;2019-12-09T21:44:27
9;Accountability Handmade Cotton Bacon;intermediate Table quantify;Wyoming interface Cotton;quantify;2019-12-09T21:55:18
10;Infrastructure SSL bandwidth;application Configurable iterate;Berkshire navigating;superstructure;2019-12-10T03:42:05
